1.The purpose of the website and the key benefits and services offered to the customers was clear.,2.The website provides relevant information and useful content about the listed car item.,3.The layout and organization of information on the website was clear and intuitive.,4.The navigation elements on the landing page are easy to understand and use.,5.The website effectively highlights key information or features about the platform and the listed item.,6. It is easy to locate and find important sections of  information in the website.,7.The website appears professional and trustworthy to support credibility of the brand,8.The website provides sufficient information and evidence to make a purchasing decision.,9.The website has an appealing design that captures attention and is engaging.,10.The overall look and feel of the website makes me want to explore and know more about the platform.,11.The website effectively communicates the value proposition of the platform.,12.The website showcases the product's unique features and benefits.
Agree,Agree,Strongly Agree,Agree,Agree,Strongly Agree,Strongly Agree,Strongly Agree,Agree,Strongly Agree,Agree,Strongly Agree
Agree,Agree,Neutral,Agree,Strongly Agree,Agree,Agree,Strongly Agree,Agree,Neutral,Agree,Agree
Agree,Neutral,Agree,Strongly Agree,Agree,Agree,Strongly Agree,Agree,Disagree,Agree,Agree,Agree
Agree,Neutral,Agree,Strongly Agree,Strongly Agree,Strongly Agree,Agree,Strongly Agree,Agree,Neutral,Neutral,Agree
Agree,Neutral,Agree,Agree,Neutral,Agree,Strongly Agree,Agree,Neutral,Agree,Agree,Agree
Strongly Agree,Agree,Agree,Strongly Agree,Strongly Agree,Agree,Strongly Agree,Agree,Strongly Agree,Neutral,Agree,Strongly Agree
Agree,Strongly Agree,Agree,Agree,Agree,Strongly Agree,Agree,Strongly Agree,Strongly Agree,Agree,Strongly Agree,Strongly Agree
Strongly Agree,Neutral,Agree,Strongly Agree,Agree,Agree,Strongly Agree,Strongly Agree,Agree,Agree,Strongly Agree,Agree
Agree,Neutral,Agree,Agree,Agree,Agree,Strongly Agree,Agree,Neutral,Agree,Agree,Strongly Agree
Agree,Agree,Agree,Agree,Agree,Neutral,Agree,Agree,Strongly Agree,Strongly Agree,Strongly Agree,Strongly Agree
Strongly Agree,Strongly Agree,Neutral,Strongly Agree,Neutral,Disagree,Strongly Agree,Strongly Agree,Strongly Agree,Agree,Strongly Agree,Agree
Agree,Strongly Agree,Strongly Agree,Strongly Agree,Strongly Agree,Strongly Agree,Strongly Agree,Strongly Agree,Strongly Agree,Strongly Agree,Agree,Strongly Agree
Agree,Neutral,Strongly Agree,Neutral,Strongly Agree,Strongly Agree,Strongly Agree, Agree,Strongly Agree,Strongly Agree,Strongly Agree,Strongly Agree
Disagree,Agree,Disagree,Agree,Strongly Agree,Strongly Agree,Strongly Agree,Strongly Agree,Agree,Agree,Agree,Strongly Agree
Agree,Strongly Agree,Agree,Agree,Agree,Strongly Agree,Strongly Agree,Strongly Agree,Agree,Agree,Agree,Agree
Agree,Strongly Agree,Agree,Strongly Agree,Strongly Agree,Strongly Agree,Neutral, Agree,Strongly Agree,Strongly Agree,Strongly Agree,Strongly Agree
Neutral,Neutral,Strongly Agree,Strongly Agree,Strongly Agree,Strongly Agree,Agree,Strongly Agree,Strongly Agree,Strongly Agree,Agree,Neutral
Neutral,Strongly Agree,Strongly Agree,Strongly Agree,Strongly Agree,Agree,Strongly Agree,Strongly Agree,Agree,Strongly Agree,Strongly Agree,Agree
Agree,Agree,Strongly Agree,Neutral,Strongly Agree,Agree,Strongly Agree,Agree,Neutral,Strongly Agree,Strongly Agree,Strongly Agree
Strongly Agree,Strongly Agree,Strongly Agree,Strongly Agree,Strongly Agree,Strongly Agree,Strongly Agree,Strongly Agree,Agree,Strongly Agree,Strongly Agree,Strongly Agree
Strongly Agree,Strongly Agree,Neutral,Agree,Agree,Agree,Agree,Agree,Agree,Strongly Agree,Agree,Agree
Agree,Strongly Agree,Agree,Agree,Agree,Strongly Agree,Neutral,Strongly Agree,Disagree,Agree,Neutral,Neutral
Agree,Strongly Agree,Strongly Agree,Strongly Agree,Strongly Agree,Agree,Strongly Agree,Agree,Agree,Agree,Agree,Agree
Agree,Strongly Agree,Agree,Agree,Strongly Agree,Neutral,Agree,Strongly Agree,Agree,Neutral,Agree,Agree
Agree,Agree,Agree,Agree,Neutral,Agree,Strongly Agree, Agree,Agree,Strongly Agree,Agree,Agree
Agree,Strongly Agree,Agree,Strongly Agree,Strongly Agree,Agree,Strongly Agree,Strongly Agree,Strongly Agree,Agree,Agree,Agree
Agree,Neutral,Agree,Strongly Agree,Agree,Strongly Agree,Agree,Strongly Agree,Agree,Agree,Strongly Agree,Agree
Agree,Agree,Strongly Agree,Agree,Strongly Agree,Agree,Agree,Agree,Strongly Agree,Strongly Agree,Agree,Agree
Neutral,Strongly Agree,Agree,Strongly Agree,Agree,Neutral,Strongly Agree,Strongly Agree,Agree,Strongly Agree,Agree,Strongly Agree
Agree,Strongly Agree,Strongly Agree,Agree,Strongly Agree,Agree,Agree,Agree,Strongly Agree,Neutral,Neutral,Agree
Agree,Strongly Agree,Agree,Neutral,Agree,Agree,Neutral,Strongly Agree,Agree,Neutral,Agree,Strongly Agree
Agree,Strongly Agree,Agree,Agree,Strongly Agree,Strongly Agree,Agree,Agree,Strongly Agree,Strongly Agree,Agree,Neutral
Agree,Neutral,Strongly Agree,Strongly Agree,Agree,Neutral,Strongly Agree,Agree,Agree,Agree,Agree,Strongly Agree
Agree,Agree,Neutral,Agree,Agree,Agree,Agree,Strongly Agree,Strongly Agree,Strongly Agree,Neutral,Agree
Strongly Agree,Strongly Agree,Agree,Neutral,Strongly Agree,Strongly Agree,Strongly Agree,Agree,Agree,Agree,Agree,Agree
Strongly Agree,Strongly Agree,Agree,Neutral,Agree,Agree,Agree,Strongly Agree,Neutral,Agree,Agree,Strongly Agree
Agree,Strongly Agree,Agree,Strongly Agree,Agree,Agree,Strongly Agree,Agree,Agree,Strongly Agree,Agree,Neutral
Strongly Agree,Agree,Agree,Neutral,Strongly Agree,Agree,Strongly Agree,Strongly Agree,Strongly Agree,Strongly Agree,Disagree,Agree
Agree,Agree,Agree,Agree,Agree,Agree,Agree,Strongly Agree,Agree,Strongly Agree,Agree,Agree
Agree,Neutral,Strongly Agree,Agree,Strongly Agree,Agree,Strongly Agree,Agree,Agree,Agree,Agree,Agree
