1.The purpose of the website and the key benefits and services offered to the customers was clear.,2.The website provides relevant information and useful content about the listed car item.,3.The layout and organization of information on the website was clear and intuitive.,4.The navigation elements on the landing page are easy to understand and use.,5.The website effectively highlights key information or features about the platform and the listed item.,6. It is easy to locate and find important sections of  information in the website.,7.The website appears professional and trustworthy to support credibility of the brand,8.The website provides sufficient information and evidence to make a purchasing decision.,9.The website has an appealing design that captures attention and is engaging.,10.The visual elements on the website such as images and videos enhance the desirability of the product.,11.The website effectively communicates the value proposition of the platform.,12.The website showcases the product's unique features and benefits.
Disagree,Disagree,Neutral,Disagree,Disagree,Neutral,Disagree,Strongly Disagree,Stronlgy Disagree,Neutral,Disagree,Strongly Disagree
Disagree,Disagree,Agree,Neutral,Neutral,Disagree,Strongly Disagree,Disagree,Disagree,Neutral,Agree,Disagree
Disagree,Agree,Neutral,Neutral,Disagree,Disagree,Disagree,Strongly Disagree,Strongly Disagree,Neutral,Strongly Disagree,Disagree
Strongly Disagree,Disagree,Neutral,Strongly Disagree,Disagree,Neutral,Strongly Disagree,Disagree,Agree,Agree,Agree,Neutral
Disagree,Neutral,Agree,Agree,Stronlgy Disagree,Disagree,Disagree,Strongly Disagree,Disagree,Disagree,Agree,Disagree
Disagree,Disagree,Disagree,Disagree,Strongly Disagree,Disagree,Disagree,Strongly Disagree,Disagree,Disagree,Neutral,Strongly Disagree
Neutral,Strongly Disagree,Neutral,Disagree,Disagree,Disagree,Strongky Disagree,Disagree,Agree,Disagree,Disagree,Disagree
Disagree,Disagree,Disagree,Neutral,Strongly Disagree,Disagree,Disagree,Strongly Disagree,Disagree,Neutral,Agree,Strongly Disagree
Disagree,Strongly Disagree,Disagree,Disagree,Neutral,Disagree,Disagree,Disagree,Disagree,Neutral,Disagree,Disagree
Disagree,Disagree,Strongly Disagree,Disagree,Disagree,Strongly Disagree,Strongly Disagree,Disagree,Disagree,Disagree,Strongly Disagree,Strongly Disagree
Neutral,Disagree,Neutral,Disagree,Neutral,Agree,Disagree,Strongly Disagree,Neutral,Disagree,Strongly Disagree,Strongly Disagree
Disagree,Strongly Disagree,Disagree,Disagree,Disagree,Disagree,Disagree,Disagree,Disagree,Disagree,Strongly Disagree,Strongly Disagree
Disagree,Disagree,Neutral,Disagree,Strongly Disagree,Strongly Disagree,Neutral,Strongly Disagree,Neutral,Disagree,Disagree,Disagree
Agree,Disagree,Disagree,Neutral,Strongly Disagree,Strongly Disagree,Disagree,Disagree,Disagree,Disagree,Strongly Disagree,Strongly Disagree
Disagree,Disagree,Disagree,Neutral,Disagree,Disagree,Disagree,Strongly Disagree,Neutral,Disagree,Agree,Disagree
Disagree,Agree,Disagree,Agree,Disagree,Strongly Disagree,Strongly Disagree,Disagree,Disagree,Disagree,Strongly Disagree,Strongly Disagree
Disagree,Disagree,Neutral,Strongly Disagree,Disagree,Disagree,Disagree,Stronlgy Disagree,Disagree,Neutral,Strongly Disagree,Strongly Disagree
Strongly Disagree,Strongly Disagree,Strongly Disagree,Disagree,Disagree,Disagree,Strongly Disagree,Strongly Disagree,Disagree,Disagree,Neutral,Disagree
Strongly Disagree,Disagree,Disagree,Strongly Disagree,Neutral,Agree,Disagree,Disagree,Disagree,Strongly Disagree,Strongly Disagree,Disagree
Disagree,Strongly Disagree,Disagree,Neutral,Strongly Disagree,Disagree,Strongly Disagree,Strongly Disagree,Strongly Disagree,Disagree,Disagree,Stronlgy Disagree
Strongly Disagree,Disagree,Disagree,Neutral,Disagree,Strongly Disagree,Disagree,Strongly Disagree,Neutral,Strongly Disagree,Strongly Disagree,Disagree
Disagree,Strongly Disagree,Strongly Disagree,Disagree,Neutral,Disagree,Disagree,Disagree,Disagree,Neutral,Strongly Disagree,Strongly Disagree
Strongly Disagree,Strongly Disagree,Disagree,Strongly Disagree,Disagree,Neutral,Strongly Disagree,Strongly Disagree,Strongly Disagree,Strongly Disagree,Strongly Disagree,Strongly Disagree
Disagree,Strongly Disagree,Disagree,Strongly Disagree,Strongly Disagree,Disagree,Disagree,Strongly Disagree,Disagree,Strongly Disagree,Disagree,Disagree
Strongly Disagree,Disagree,Disagree,Strongly Disagree,Disagree,Strongly Disagree,Disagree,Strongly Disagree,Disagree,Neutral,Strongly Disagree,Strongly Disagree
Disagree,Strongly Disagree,Disagree,Disagree,Stronlgy Disagree,Neutral,Strongly Disagree,Disagree,Disagree,Disagree,Disagree,Strongly Disagree
Strongly Disagree,Disagree,Strongly Disagree,Neutral,Disagree,Strongly Disagree,Strongly Disagree,Stronlgy Disagree,Disagree,Disagree,Strongly Disagree,Neutral
Disagree,Agree,Disagree,Strongly Disagree,Disagree,Disagree,Strongly Disagree,Disagree,Disagree,Strongly Disagree,Disagree,Strongly Disagree
Disagree,Disagree,Strongly Disagree,Disagree,Neutral,Strongly Disagree,Disagree,Stronlgy Disagree,Agree,Strongly Disagree,Strongly Disagree,Disagree
Disagree,Strongly Disagree,Agree,Disagree,Strongly Disagree,Strongly Disagree,Strongly Disagree,Disagree,Disagree,Neutral,Disagree,Strongly Disagree
Strongly Disagree,Strongly Disagree,Neutral,Neutral,Disagree,Disagree,Disagree,Stronlgy Disagree,Neutral,Disagree,Strongly Disagree,Disagree
Agree,Neutral,Agree,Disagree,Disagree,Agree,Strongly Disagree,Disagree,Neutral,Disagree,Disagree,Stronlgy Disagree
Disagree,Disagree,Disagree,Disagree,Strongly Disagree,Disagree,Disagree,Strongly Disagree,Strongly Disagree,Strongly Disagree,Disagree,Strongly Disagree
Strongly Disagree,Strongly Disagree,Disagree,Disagree,Strongly Disagree,Disagree,Disagree,Disagree,Agree,Neutral,Disagree,Strongly Disagree
Strongly Disagree,Disagree,Disagree,Neutral,Agree,Neutral,Strongly Disagree,Strongly Disagree,Disagree,Strongly Disagree,Disagree,Disagree
Disagree,Disagree,Agree,Agree,Disagree,Disagree,Disagree,Strongly Disagree,Agree,Disagree,Agree,Disagree
Strongly Disagree,Strongly Disagree,Neutral,Disagree,Neutral,Disagree,Strongly Disagree,Strongly Disagree,Strongly Disagree,Strongly Disagree,Strongly Disagree, Strongly Disagree
Disagree,Disagree,Neutral,Neutral,Disagree,Disagree,Disagree,Disagree,Neutral,Disagree,Disagree,Disagree
Strongly Disagree,Strongly Disagree,Disagree,Strongly Disagree,Disagree,Disagree,Strongly Disagree,Strongly Disagree,Strongly Disagree,Disagree,Disagree,Strongly Disagree
Strongly Disagree,Disagree,Agree,Agree,Disagree,Strongly Disagree,Disagree,Strongly Disagree,Strongly Disagree,Disagree,Strongly Disagree,Strongly Disagree
